{
  "baseline_vac_good": {
    "intended_d": 3,
    "rank": 3,
    "kappa": 25462491.49079794,
    "lam_max": 4690523765961968.0,
    "accepted": true
  },
  "attack_param_noise": {
    "intended_d": 3,
    "rank": 3,
    "kappa": 25462491.49079794,
    "lam_max": 4690523765961968.0,
    "rupture_R": 6008.308789938878,
    "accepted": false,
    "reason": "Observable inconsistent with single-control I (per-sensor jitter)."
  },
  "attack_axial_only": {
    "intended_d": 3,
    "rank": 3,
    "kappa": 1103.1596635036806,
    "lam_max": 12090895406.45406,
    "accepted": true,
    "reason": "unexpected full rank"
  },
  "attack_aniso_single_view": {
    "intended_d": 5,
    "rank": 3,
    "kappa": 1.0422245005856559e+40,
    "lam_max": 4690523765961273.0,
    "accepted": false,
    "reason": "Under-determined anisotropy in single view; CTMT refuses interpretation."
  },
  "attack_heteroskedastic_misC": {
    "intended_d": 3,
    "rank": 3,
    "kappa": 25462491.49079794,
    "lam_max": 4690523765961968.0,
    "rupture_R": 84075.66115294617,
    "accepted": false,
    "reason": "Mis-specified covariance; rupture statistic large \u2192 refuse."
  },
  "attack_transport_unit_mismatch": {
    "intended_d": 3,
    "rank": 3,
    "lam_max": 9381047531923936.0,
    "transport_kappa_ratio": 2.1260878802188943,
    "accepted": true,
    "reason": "borderline"
  }
}